grup,video,yöntem,MAE,p5
UBFC,subject1,POS klasik (ortalama+argmax),1.426258711290114,100.0
UBFC,subject1,POS ortalama+Viterbi,1.426258711290114,100.0
UBFC,subject1,POS tüm yüz+Viterbi,1.446867966753018,100.0
UBFC,subject1,PURE_EfficientPhys,1.6905328334900411,100.0
UBFC,subject1,PURE_EfficientPhys+Viterbi,1.7021750120999848,100.0
UBFC,subject1,PURE_FactorizePhys,1.5420000488734464,100.0
UBFC,subject1,PURE_FactorizePhys+Viterbi,1.5420000488734464,100.0
UBFC,subject1,PURE_PhysNet,40.14207968901803,15.909090909090908
UBFC,subject1,PURE_PhysNet+Viterbi,50.48188390902312,0.0
UBFC,subject1,PURE_TSCAN,4.263735668201078,86.36363636363636
UBFC,subject1,PURE_TSCAN+Viterbi,2.3026832147598757,93.18181818181817
UBFC,subject10,POS klasik (ortalama+argmax),1.0394353017821654,100.0
UBFC,subject10,POS ortalama+Viterbi,1.0394353017821654,100.0
UBFC,subject10,POS tüm yüz+Viterbi,0.9969463212403148,100.0
UBFC,subject10,PURE_EfficientPhys,0.9894481548805051,100.0
UBFC,subject10,PURE_EfficientPhys+Viterbi,0.9917269313033499,100.0
UBFC,subject10,PURE_FactorizePhys,0.9323687833083671,100.0
UBFC,subject10,PURE_FactorizePhys+Viterbi,0.9436188886927825,100.0
UBFC,subject10,PURE_PhysNet,20.20643360057739,55.172413793103445
UBFC,subject10,PURE_PhysNet+Viterbi,1.8152746114845757,91.37931034482759
UBFC,subject10,PURE_TSCAN,0.9903828273926507,100.0
UBFC,subject10,PURE_TSCAN+Viterbi,0.9860819274970329,100.0
UBFC,subject11,POS klasik (ortalama+argmax),1.3502432600031449,96.55172413793103
UBFC,subject11,POS ortalama+Viterbi,1.3353255037664096,96.55172413793103
UBFC,subject11,POS tüm yüz+Viterbi,1.3581755070251291,96.55172413793103
UBFC,subject11,PURE_EfficientPhys,1.3790636102514993,96.55172413793103
UBFC,subject11,PURE_EfficientPhys+Viterbi,1.3753010780592871,96.55172413793103
UBFC,subject11,PURE_FactorizePhys,1.3292445561321924,98.27586206896551
UBFC,subject11,PURE_FactorizePhys+Viterbi,1.313482982167168,98.27586206896551
UBFC,subject11,PURE_PhysNet,1.335751743986777,100.0
UBFC,subject11,PURE_PhysNet+Viterbi,1.3135700034129099,100.0
UBFC,subject11,PURE_TSCAN,1.3877261450237879,98.27586206896551
UBFC,subject11,PURE_TSCAN+Viterbi,1.3690604336224639,98.27586206896551
UBFC,subject3,POS klasik (ortalama+argmax),2.449043437936246,84.31372549019608
UBFC,subject3,POS ortalama+Viterbi,4.508832660351859,72.54901960784314
UBFC,subject3,POS tüm yüz+Viterbi,3.647409067525468,74.50980392156863
UBFC,subject3,PURE_EfficientPhys,2.711155968199294,84.31372549019608
UBFC,subject3,PURE_EfficientPhys+Viterbi,3.6751782653285567,76.47058823529412
UBFC,subject3,PURE_FactorizePhys,2.42268300810456,84.31372549019608
UBFC,subject3,PURE_FactorizePhys+Viterbi,3.6522218500687686,76.47058823529412
UBFC,subject3,PURE_PhysNet,2.4113628749815317,88.23529411764706
UBFC,subject3,PURE_PhysNet+Viterbi,4.215235342558064,74.50980392156863
UBFC,subject3,PURE_TSCAN,2.3313366408903318,86.27450980392157
UBFC,subject3,PURE_TSCAN+Viterbi,3.1516208309315084,78.43137254901961
UBFC,subject4,POS klasik (ortalama+argmax),3.2437666781723635,86.11111111111111
UBFC,subject4,POS ortalama+Viterbi,3.3635321959244773,77.77777777777779
UBFC,subject4,POS tüm yüz+Viterbi,4.872197145349013,77.77777777777779
UBFC,subject4,PURE_EfficientPhys,1.8245286374656149,97.22222222222221
UBFC,subject4,PURE_EfficientPhys+Viterbi,4.8593896061030835,77.77777777777779
UBFC,subject4,PURE_FactorizePhys,1.7978937332498195,97.22222222222221
UBFC,subject4,PURE_FactorizePhys+Viterbi,3.6620929399931534,83.33333333333334
UBFC,subject4,PURE_PhysNet,2.3270274154094994,91.66666666666666
UBFC,subject4,PURE_PhysNet+Viterbi,5.013300239833741,77.77777777777779
UBFC,subject4,PURE_TSCAN,1.8976069059926357,94.44444444444444
UBFC,subject4,PURE_TSCAN+Viterbi,4.871184960842509,77.77777777777779
UBFC,subject5,POS klasik (ortalama+argmax),1.1926510386060325,100.0
UBFC,subject5,POS ortalama+Viterbi,1.1926510386060325,100.0
UBFC,subject5,POS tüm yüz+Viterbi,1.196548710689785,100.0
UBFC,subject5,PURE_EfficientPhys,1.241881761707871,100.0
UBFC,subject5,PURE_EfficientPhys+Viterbi,1.241881761707871,100.0
UBFC,subject5,PURE_FactorizePhys,1.1794207551592422,100.0
UBFC,subject5,PURE_FactorizePhys+Viterbi,1.1794207551592422,100.0
UBFC,subject5,PURE_PhysNet,9.69270051720974,80.95238095238095
UBFC,subject5,PURE_PhysNet+Viterbi,1.5942684281930242,100.0
UBFC,subject5,PURE_TSCAN,1.1995742467455077,100.0
UBFC,subject5,PURE_TSCAN+Viterbi,1.1995742467455077,100.0
UBFC,subject8,POS klasik (ortalama+argmax),0.8949141748259953,96.55172413793103
UBFC,subject8,POS ortalama+Viterbi,0.6309793653435185,100.0
UBFC,subject8,POS tüm yüz+Viterbi,0.5895242040037408,100.0
UBFC,subject8,PURE_EfficientPhys,0.9371195677965304,96.55172413793103
UBFC,subject8,PURE_EfficientPhys+Viterbi,0.5928770086434304,100.0
UBFC,subject8,PURE_FactorizePhys,0.939380225883933,96.55172413793103
UBFC,subject8,PURE_FactorizePhys+Viterbi,1.537118225644526,91.37931034482759
UBFC,subject8,PURE_PhysNet,0.8906982663131854,98.27586206896551
UBFC,subject8,PURE_PhysNet+Viterbi,0.8045041106822028,100.0
UBFC,subject8,PURE_TSCAN,0.8853155630314116,96.55172413793103
UBFC,subject8,PURE_TSCAN+Viterbi,0.6088105161852966,100.0
UBFC,subject9,POS klasik (ortalama+argmax),1.8546717419549983,96.55172413793103
UBFC,subject9,POS ortalama+Viterbi,2.143966448919447,91.37931034482759
UBFC,subject9,POS tüm yüz+Viterbi,2.2443734390342547,91.37931034482759
UBFC,subject9,PURE_EfficientPhys,2.1200735022292454,96.55172413793103
UBFC,subject9,PURE_EfficientPhys+Viterbi,1.900889141901484,100.0
UBFC,subject9,PURE_FactorizePhys,2.1960145444651196,94.82758620689656
UBFC,subject9,PURE_FactorizePhys+Viterbi,2.3054602491256158,93.10344827586206
UBFC,subject9,PURE_PhysNet,2.363501204827131,91.37931034482759
UBFC,subject9,PURE_PhysNet+Viterbi,2.363501204827131,91.37931034482759
UBFC,subject9,PURE_TSCAN,2.052994766412886,96.55172413793103
UBFC,subject9,PURE_TSCAN+Viterbi,2.30664989543257,91.37931034482759
MCD egzersiz,1020_FullHDwebcam_after,POS klasik (ortalama+argmax),0.8188817661040937,99.41176470588235
MCD egzersiz,1020_FullHDwebcam_after,POS ortalama+Viterbi,0.7302329719266059,100.0
MCD egzersiz,1020_FullHDwebcam_after,POS tüm yüz+Viterbi,0.8233644813678661,100.0
MCD egzersiz,1020_FullHDwebcam_after,PURE_EfficientPhys,19.734237563646346,0.0
MCD egzersiz,1020_FullHDwebcam_after,PURE_EfficientPhys+Viterbi,19.734237563646346,0.0
MCD egzersiz,1020_FullHDwebcam_after,PURE_FactorizePhys,1.482644909524862,93.52941176470588
MCD egzersiz,1020_FullHDwebcam_after,PURE_FactorizePhys+Viterbi,1.1418469643662177,97.05882352941177
MCD egzersiz,1020_FullHDwebcam_after,PURE_PhysNet,17.35298654179763,37.05882352941177
MCD egzersiz,1020_FullHDwebcam_after,PURE_PhysNet+Viterbi,10.869623884724444,34.705882352941174
MCD egzersiz,1020_FullHDwebcam_after,PURE_TSCAN,37.79006584696592,0.0
MCD egzersiz,1020_FullHDwebcam_after,PURE_TSCAN+Viterbi,37.79006584696592,0.0
MCD dinlenme,1020_FullHDwebcam_before,POS klasik (ortalama+argmax),0.5977524124162706,100.0
MCD dinlenme,1020_FullHDwebcam_before,POS ortalama+Viterbi,0.5981392989579551,100.0
MCD dinlenme,1020_FullHDwebcam_before,POS tüm yüz+Viterbi,0.6304121670901737,100.0
MCD dinlenme,1020_FullHDwebcam_before,PURE_EfficientPhys,14.188752197211965,0.0
MCD dinlenme,1020_FullHDwebcam_before,PURE_EfficientPhys+Viterbi,14.188752197211965,0.0
MCD dinlenme,1020_FullHDwebcam_before,PURE_FactorizePhys,1.0326188738670818,96.47058823529412
MCD dinlenme,1020_FullHDwebcam_before,PURE_FactorizePhys+Viterbi,1.006650519121272,97.05882352941177
MCD dinlenme,1020_FullHDwebcam_before,PURE_PhysNet,22.740123533071205,35.88235294117647
MCD dinlenme,1020_FullHDwebcam_before,PURE_PhysNet+Viterbi,8.995468861959786,40.588235294117645
MCD dinlenme,1020_FullHDwebcam_before,PURE_TSCAN,42.08013428069815,0.0
MCD dinlenme,1020_FullHDwebcam_before,PURE_TSCAN+Viterbi,42.08013428069815,0.0
MCD egzersiz,1024_FullHDwebcam_after,POS klasik (ortalama+argmax),3.717116776768355,92.3529411764706
MCD egzersiz,1024_FullHDwebcam_after,POS ortalama+Viterbi,1.4235300960982615,97.6470588235294
MCD egzersiz,1024_FullHDwebcam_after,POS tüm yüz+Viterbi,0.973185466002662,100.0
MCD egzersiz,1024_FullHDwebcam_after,PURE_EfficientPhys,0.7555723859999991,99.41176470588235
MCD egzersiz,1024_FullHDwebcam_after,PURE_EfficientPhys+Viterbi,0.80046981079551,98.82352941176471
MCD egzersiz,1024_FullHDwebcam_after,PURE_FactorizePhys,0.7575146402228397,100.0
MCD egzersiz,1024_FullHDwebcam_after,PURE_FactorizePhys+Viterbi,0.7575146402228397,100.0
MCD egzersiz,1024_FullHDwebcam_after,PURE_PhysNet,22.918278627997665,43.529411764705884
MCD egzersiz,1024_FullHDwebcam_after,PURE_PhysNet+Viterbi,5.041897846283708,62.94117647058823
MCD egzersiz,1024_FullHDwebcam_after,PURE_TSCAN,12.558305129364275,40.588235294117645
MCD egzersiz,1024_FullHDwebcam_after,PURE_TSCAN+Viterbi,8.817006870180629,45.88235294117647
MCD dinlenme,1024_FullHDwebcam_before,POS klasik (ortalama+argmax),1.9046632927581697,94.67455621301775
MCD dinlenme,1024_FullHDwebcam_before,POS ortalama+Viterbi,1.200163073514092,99.40828402366864
MCD dinlenme,1024_FullHDwebcam_before,POS tüm yüz+Viterbi,0.8073985022715746,100.0
MCD dinlenme,1024_FullHDwebcam_before,PURE_EfficientPhys,0.6980507620122365,100.0
MCD dinlenme,1024_FullHDwebcam_before,PURE_EfficientPhys+Viterbi,0.7003907033941423,100.0
MCD dinlenme,1024_FullHDwebcam_before,PURE_FactorizePhys,0.49921959692117235,100.0
MCD dinlenme,1024_FullHDwebcam_before,PURE_FactorizePhys+Viterbi,0.4982602334666364,100.0
MCD dinlenme,1024_FullHDwebcam_before,PURE_PhysNet,18.005402616694248,56.80473372781065
MCD dinlenme,1024_FullHDwebcam_before,PURE_PhysNet+Viterbi,4.21929643448592,77.51479289940828
MCD dinlenme,1024_FullHDwebcam_before,PURE_TSCAN,3.9350337584069295,82.24852071005917
MCD dinlenme,1024_FullHDwebcam_before,PURE_TSCAN+Viterbi,2.0415618612825295,89.3491124260355
MCD egzersiz,1035_FullHDwebcam_after,POS klasik (ortalama+argmax),4.004934316282132,84.11764705882354
MCD egzersiz,1035_FullHDwebcam_after,POS ortalama+Viterbi,1.8649894859984373,92.3529411764706
MCD egzersiz,1035_FullHDwebcam_after,POS tüm yüz+Viterbi,1.1194243596148648,100.0
MCD egzersiz,1035_FullHDwebcam_after,PURE_EfficientPhys,0.7648456772412898,100.0
MCD egzersiz,1035_FullHDwebcam_after,PURE_EfficientPhys+Viterbi,0.762517592547153,100.0
MCD egzersiz,1035_FullHDwebcam_after,PURE_FactorizePhys,0.8281488824383714,100.0
MCD egzersiz,1035_FullHDwebcam_after,PURE_FactorizePhys+Viterbi,0.8336248124200578,100.0
MCD egzersiz,1035_FullHDwebcam_after,PURE_PhysNet,12.608245498760141,55.294117647058826
MCD egzersiz,1035_FullHDwebcam_after,PURE_PhysNet+Viterbi,4.3943596706624914,75.29411764705883
MCD egzersiz,1035_FullHDwebcam_after,PURE_TSCAN,16.010304241133362,32.35294117647059
MCD egzersiz,1035_FullHDwebcam_after,PURE_TSCAN+Viterbi,13.926085747392197,30.58823529411765
MCD dinlenme,1035_FullHDwebcam_before,POS klasik (ortalama+argmax),3.4806225686783763,92.3076923076923
MCD dinlenme,1035_FullHDwebcam_before,POS ortalama+Viterbi,1.3025678761839319,97.63313609467455
MCD dinlenme,1035_FullHDwebcam_before,POS tüm yüz+Viterbi,1.0739923065790875,96.44970414201184
MCD dinlenme,1035_FullHDwebcam_before,PURE_EfficientPhys,1.1275210970756386,97.0414201183432
MCD dinlenme,1035_FullHDwebcam_before,PURE_EfficientPhys+Viterbi,0.8265182332554465,100.0
MCD dinlenme,1035_FullHDwebcam_before,PURE_FactorizePhys,0.8127330012569624,98.81656804733728
MCD dinlenme,1035_FullHDwebcam_before,PURE_FactorizePhys+Viterbi,0.6900686114420898,100.0
MCD dinlenme,1035_FullHDwebcam_before,PURE_PhysNet,10.593495605153798,62.721893491124256
MCD dinlenme,1035_FullHDwebcam_before,PURE_PhysNet+Viterbi,2.7847858761932605,80.4733727810651
MCD dinlenme,1035_FullHDwebcam_before,PURE_TSCAN,6.1784919163947025,66.27218934911244
MCD dinlenme,1035_FullHDwebcam_before,PURE_TSCAN+Viterbi,3.885954323391465,71.00591715976331
MCD egzersiz,1091_FullHDwebcam_after,POS klasik (ortalama+argmax),0.4801510047335679,100.0
MCD egzersiz,1091_FullHDwebcam_after,POS ortalama+Viterbi,0.4801510047335679,100.0
MCD egzersiz,1091_FullHDwebcam_after,POS tüm yüz+Viterbi,0.4720117239601819,100.0
MCD egzersiz,1091_FullHDwebcam_after,PURE_EfficientPhys,39.38496567949801,0.0
MCD egzersiz,1091_FullHDwebcam_after,PURE_EfficientPhys+Viterbi,39.38496567949801,0.0
MCD egzersiz,1091_FullHDwebcam_after,PURE_FactorizePhys,0.984954079320564,98.82352941176471
MCD egzersiz,1091_FullHDwebcam_after,PURE_FactorizePhys+Viterbi,0.5372971051747006,100.0
MCD egzersiz,1091_FullHDwebcam_after,PURE_PhysNet,40.08626451233937,2.941176470588235
MCD egzersiz,1091_FullHDwebcam_after,PURE_PhysNet+Viterbi,40.99714130375838,3.5294117647058822
MCD egzersiz,1091_FullHDwebcam_after,PURE_TSCAN,39.178672198218145,0.0
MCD egzersiz,1091_FullHDwebcam_after,PURE_TSCAN+Viterbi,39.35605536943238,0.0
MCD dinlenme,1091_FullHDwebcam_before,POS klasik (ortalama+argmax),0.4755102810600781,100.0
MCD dinlenme,1091_FullHDwebcam_before,POS ortalama+Viterbi,0.4755102810600781,100.0
MCD dinlenme,1091_FullHDwebcam_before,POS tüm yüz+Viterbi,0.47375813182141735,100.0
MCD dinlenme,1091_FullHDwebcam_before,PURE_EfficientPhys,22.028756145132373,0.0
MCD dinlenme,1091_FullHDwebcam_before,PURE_EfficientPhys+Viterbi,22.028756145132373,0.0
MCD dinlenme,1091_FullHDwebcam_before,PURE_FactorizePhys,0.5594604353869661,100.0
MCD dinlenme,1091_FullHDwebcam_before,PURE_FactorizePhys+Viterbi,0.5594604353869661,100.0
MCD dinlenme,1091_FullHDwebcam_before,PURE_PhysNet,27.932487981888602,20.588235294117645
MCD dinlenme,1091_FullHDwebcam_before,PURE_PhysNet+Viterbi,14.46507474907273,28.235294117647058
MCD dinlenme,1091_FullHDwebcam_before,PURE_TSCAN,22.546519544832957,0.0
MCD dinlenme,1091_FullHDwebcam_before,PURE_TSCAN+Viterbi,22.029413172145034,0.0
MCD egzersiz,1097_FullHDwebcam_after,POS klasik (ortalama+argmax),27.081004378594532,12.352941176470589
MCD egzersiz,1097_FullHDwebcam_after,POS ortalama+Viterbi,28.973259719859573,5.294117647058823
MCD egzersiz,1097_FullHDwebcam_after,POS tüm yüz+Viterbi,23.02876542451115,29.411764705882355
MCD egzersiz,1097_FullHDwebcam_after,PURE_EfficientPhys,24.941989575665684,7.647058823529412
MCD egzersiz,1097_FullHDwebcam_after,PURE_EfficientPhys+Viterbi,25.576185232880626,0.0
MCD egzersiz,1097_FullHDwebcam_after,PURE_FactorizePhys,14.258748193095027,35.294117647058826
MCD egzersiz,1097_FullHDwebcam_after,PURE_FactorizePhys+Viterbi,13.57484371132128,35.88235294117647
MCD egzersiz,1097_FullHDwebcam_after,PURE_PhysNet,35.2744432164823,0.0
MCD egzersiz,1097_FullHDwebcam_after,PURE_PhysNet+Viterbi,32.439338467371144,0.0
MCD egzersiz,1097_FullHDwebcam_after,PURE_TSCAN,29.29377320905295,11.76470588235294
MCD egzersiz,1097_FullHDwebcam_after,PURE_TSCAN+Viterbi,28.377414630942628,5.294117647058823
MCD dinlenme,1097_FullHDwebcam_before,POS klasik (ortalama+argmax),27.796525820007027,4.733727810650888
MCD dinlenme,1097_FullHDwebcam_before,POS ortalama+Viterbi,26.110310696280862,2.366863905325444
MCD dinlenme,1097_FullHDwebcam_before,POS tüm yüz+Viterbi,23.16720572374282,13.609467455621301
MCD dinlenme,1097_FullHDwebcam_before,PURE_EfficientPhys,28.437207391011295,0.0
MCD dinlenme,1097_FullHDwebcam_before,PURE_EfficientPhys+Viterbi,28.432878619966804,0.0
MCD dinlenme,1097_FullHDwebcam_before,PURE_FactorizePhys,17.0858387082396,20.710059171597635
MCD dinlenme,1097_FullHDwebcam_before,PURE_FactorizePhys+Viterbi,9.682219872349515,37.278106508875744
MCD dinlenme,1097_FullHDwebcam_before,PURE_PhysNet,30.82618952428185,11.834319526627219
MCD dinlenme,1097_FullHDwebcam_before,PURE_PhysNet+Viterbi,28.07069082982456,10.650887573964498
MCD dinlenme,1097_FullHDwebcam_before,PURE_TSCAN,23.810163303483794,25.443786982248522
MCD dinlenme,1097_FullHDwebcam_before,PURE_TSCAN+Viterbi,20.778390042591,24.2603550295858
MCD egzersiz,1099_FullHDwebcam_after,POS klasik (ortalama+argmax),1.028687033794522,99.41176470588235
MCD egzersiz,1099_FullHDwebcam_after,POS ortalama+Viterbi,0.8154195978487835,100.0
MCD egzersiz,1099_FullHDwebcam_after,POS tüm yüz+Viterbi,0.8617988726051847,100.0
MCD egzersiz,1099_FullHDwebcam_after,PURE_EfficientPhys,25.238454467804637,0.0
MCD egzersiz,1099_FullHDwebcam_after,PURE_EfficientPhys+Viterbi,25.238454467804637,0.0
MCD egzersiz,1099_FullHDwebcam_after,PURE_FactorizePhys,3.697728873841897,83.52941176470588
MCD egzersiz,1099_FullHDwebcam_after,PURE_FactorizePhys+Viterbi,2.252884397429313,88.8235294117647
MCD egzersiz,1099_FullHDwebcam_after,PURE_PhysNet,24.41302120624237,16.470588235294116
MCD egzersiz,1099_FullHDwebcam_after,PURE_PhysNet+Viterbi,24.397220574863507,4.705882352941177
MCD egzersiz,1099_FullHDwebcam_after,PURE_TSCAN,26.35377607994909,0.0
MCD egzersiz,1099_FullHDwebcam_after,PURE_TSCAN+Viterbi,25.229722830005198,0.0
MCD dinlenme,1099_FullHDwebcam_before,POS klasik (ortalama+argmax),5.52540161716616,82.35294117647058
MCD dinlenme,1099_FullHDwebcam_before,POS ortalama+Viterbi,2.164911479743655,90.0
MCD dinlenme,1099_FullHDwebcam_before,POS tüm yüz+Viterbi,1.0442712330887045,97.05882352941177
MCD dinlenme,1099_FullHDwebcam_before,PURE_EfficientPhys,16.013533856240937,0.0
MCD dinlenme,1099_FullHDwebcam_before,PURE_EfficientPhys+Viterbi,16.013533856240937,0.0
MCD dinlenme,1099_FullHDwebcam_before,PURE_FactorizePhys,2.0387228255536676,90.0
MCD dinlenme,1099_FullHDwebcam_before,PURE_FactorizePhys+Viterbi,3.0745888320106727,87.05882352941177
MCD dinlenme,1099_FullHDwebcam_before,PURE_PhysNet,25.897138783378605,15.88235294117647
MCD dinlenme,1099_FullHDwebcam_before,PURE_PhysNet+Viterbi,14.070563091739528,25.294117647058822
MCD dinlenme,1099_FullHDwebcam_before,PURE_TSCAN,16.36176595970595,0.0
MCD dinlenme,1099_FullHDwebcam_before,PURE_TSCAN+Viterbi,15.992605236656827,0.0
MCD egzersiz,1107_FullHDwebcam_after,POS klasik (ortalama+argmax),32.73295746583111,27.058823529411764
MCD egzersiz,1107_FullHDwebcam_after,POS ortalama+Viterbi,37.69749477488253,22.35294117647059
MCD egzersiz,1107_FullHDwebcam_after,POS tüm yüz+Viterbi,14.534358875508726,58.235294117647065
MCD egzersiz,1107_FullHDwebcam_after,PURE_EfficientPhys,38.34754726489863,15.88235294117647
MCD egzersiz,1107_FullHDwebcam_after,PURE_EfficientPhys+Viterbi,45.850446806437624,0.0
MCD egzersiz,1107_FullHDwebcam_after,PURE_FactorizePhys,19.099052460053237,41.76470588235294
MCD egzersiz,1107_FullHDwebcam_after,PURE_FactorizePhys+Viterbi,8.876699808849624,61.1764705882353
MCD egzersiz,1107_FullHDwebcam_after,PURE_PhysNet,51.81067934806542,1.7647058823529411
MCD egzersiz,1107_FullHDwebcam_after,PURE_PhysNet+Viterbi,58.684615707989465,0.0
MCD egzersiz,1107_FullHDwebcam_after,PURE_TSCAN,51.35332758073779,0.0
MCD egzersiz,1107_FullHDwebcam_after,PURE_TSCAN+Viterbi,54.46373251597652,0.0
MCD dinlenme,1107_FullHDwebcam_before,POS klasik (ortalama+argmax),10.902502969014332,64.70588235294117
MCD dinlenme,1107_FullHDwebcam_before,POS ortalama+Viterbi,3.3252006824745477,84.11764705882354
MCD dinlenme,1107_FullHDwebcam_before,POS tüm yüz+Viterbi,5.705716399639421,77.05882352941177
MCD dinlenme,1107_FullHDwebcam_before,PURE_EfficientPhys,21.98533543029038,26.47058823529412
MCD dinlenme,1107_FullHDwebcam_before,PURE_EfficientPhys+Viterbi,9.606708758538511,53.529411764705884
MCD dinlenme,1107_FullHDwebcam_before,PURE_FactorizePhys,9.197729440105277,61.1764705882353
MCD dinlenme,1107_FullHDwebcam_before,PURE_FactorizePhys+Viterbi,3.6284851027725127,77.05882352941177
MCD dinlenme,1107_FullHDwebcam_before,PURE_PhysNet,30.83454562982429,7.0588235294117645
MCD dinlenme,1107_FullHDwebcam_before,PURE_PhysNet+Viterbi,28.522169745713324,4.117647058823529
MCD dinlenme,1107_FullHDwebcam_before,PURE_TSCAN,30.502957017625015,5.294117647058823
MCD dinlenme,1107_FullHDwebcam_before,PURE_TSCAN+Viterbi,30.045020583501408,6.470588235294119
MCD egzersiz,1113_FullHDwebcam_after,POS klasik (ortalama+argmax),2.7568126780053097,87.05882352941177
MCD egzersiz,1113_FullHDwebcam_after,POS ortalama+Viterbi,1.7353359541497675,92.3529411764706
MCD egzersiz,1113_FullHDwebcam_after,POS tüm yüz+Viterbi,1.767556849695551,92.3529411764706
MCD egzersiz,1113_FullHDwebcam_after,PURE_EfficientPhys,1.7492430950720466,92.94117647058823
MCD egzersiz,1113_FullHDwebcam_after,PURE_EfficientPhys+Viterbi,1.607403852898172,91.76470588235294
MCD egzersiz,1113_FullHDwebcam_after,PURE_FactorizePhys,1.170150345178597,94.70588235294117
MCD egzersiz,1113_FullHDwebcam_after,PURE_FactorizePhys+Viterbi,1.5715903960292963,92.3529411764706
MCD egzersiz,1113_FullHDwebcam_after,PURE_PhysNet,4.797628354396819,77.05882352941177
MCD egzersiz,1113_FullHDwebcam_after,PURE_PhysNet+Viterbi,2.0064488779144596,91.76470588235294
MCD egzersiz,1113_FullHDwebcam_after,PURE_TSCAN,24.505295205335475,10.588235294117647
MCD egzersiz,1113_FullHDwebcam_after,PURE_TSCAN+Viterbi,18.746779398747567,14.117647058823529
MCD dinlenme,1113_FullHDwebcam_before,POS klasik (ortalama+argmax),2.6663945252238244,89.3491124260355
MCD dinlenme,1113_FullHDwebcam_before,POS ortalama+Viterbi,2.9267130501533862,86.98224852071006
MCD dinlenme,1113_FullHDwebcam_before,POS tüm yüz+Viterbi,1.5631145107939965,91.71597633136095
MCD dinlenme,1113_FullHDwebcam_before,PURE_EfficientPhys,20.5243739999433,0.0
MCD dinlenme,1113_FullHDwebcam_before,PURE_EfficientPhys+Viterbi,20.845943920890427,0.0
MCD dinlenme,1113_FullHDwebcam_before,PURE_FactorizePhys,1.493127309244435,95.85798816568047
MCD dinlenme,1113_FullHDwebcam_before,PURE_FactorizePhys+Viterbi,1.72516628688958,91.12426035502959
MCD dinlenme,1113_FullHDwebcam_before,PURE_PhysNet,7.626461353331526,73.37278106508876
MCD dinlenme,1113_FullHDwebcam_before,PURE_PhysNet+Viterbi,5.018056054723585,75.7396449704142
MCD dinlenme,1113_FullHDwebcam_before,PURE_TSCAN,22.57179905408613,0.0
MCD dinlenme,1113_FullHDwebcam_before,PURE_TSCAN+Viterbi,21.92320111405474,0.0
MCD egzersiz,1115_FullHDwebcam_after,POS klasik (ortalama+argmax),3.658774543052829,87.05882352941177
MCD egzersiz,1115_FullHDwebcam_after,POS ortalama+Viterbi,1.2336956873267388,97.05882352941177
MCD egzersiz,1115_FullHDwebcam_after,POS tüm yüz+Viterbi,1.1115465450588387,97.6470588235294
MCD egzersiz,1115_FullHDwebcam_after,PURE_EfficientPhys,2.118326067917941,94.70588235294117
MCD egzersiz,1115_FullHDwebcam_after,PURE_EfficientPhys+Viterbi,0.5492058279491442,100.0
MCD egzersiz,1115_FullHDwebcam_after,PURE_FactorizePhys,1.4995682432594002,97.05882352941177
MCD egzersiz,1115_FullHDwebcam_after,PURE_FactorizePhys+Viterbi,0.8423496183077542,100.0
MCD egzersiz,1115_FullHDwebcam_after,PURE_PhysNet,24.42538009864118,27.647058823529413
MCD egzersiz,1115_FullHDwebcam_after,PURE_PhysNet+Viterbi,25.432358730036242,20.588235294117645
MCD egzersiz,1115_FullHDwebcam_after,PURE_TSCAN,8.3464273341451,75.29411764705883
MCD egzersiz,1115_FullHDwebcam_after,PURE_TSCAN+Viterbi,1.7291361262708964,95.88235294117648
MCD dinlenme,1115_FullHDwebcam_before,POS klasik (ortalama+argmax),3.3490178480278594,88.16568047337277
MCD dinlenme,1115_FullHDwebcam_before,POS ortalama+Viterbi,2.1403516399848863,94.0828402366864
MCD dinlenme,1115_FullHDwebcam_before,POS tüm yüz+Viterbi,1.7190956388219405,95.26627218934911
MCD dinlenme,1115_FullHDwebcam_before,PURE_EfficientPhys,1.344463979345572,94.67455621301775
MCD dinlenme,1115_FullHDwebcam_before,PURE_EfficientPhys+Viterbi,1.1486408910032813,97.63313609467455
MCD dinlenme,1115_FullHDwebcam_before,PURE_FactorizePhys,1.2777314257183168,95.26627218934911
MCD dinlenme,1115_FullHDwebcam_before,PURE_FactorizePhys+Viterbi,1.413936738288476,94.67455621301775
MCD dinlenme,1115_FullHDwebcam_before,PURE_PhysNet,9.2522580880741,50.887573964497044
MCD dinlenme,1115_FullHDwebcam_before,PURE_PhysNet+Viterbi,7.790835351035747,45.562130177514796
MCD dinlenme,1115_FullHDwebcam_before,PURE_TSCAN,22.152453923484067,16.56804733727811
MCD dinlenme,1115_FullHDwebcam_before,PURE_TSCAN+Viterbi,15.014550911686241,19.526627218934912
MCD egzersiz,1149_FullHDwebcam_after,POS klasik (ortalama+argmax),2.411570056212641,93.52941176470588
MCD egzersiz,1149_FullHDwebcam_after,POS ortalama+Viterbi,1.038001257851479,95.29411764705881
MCD egzersiz,1149_FullHDwebcam_after,POS tüm yüz+Viterbi,1.222398389745192,94.70588235294117
MCD egzersiz,1149_FullHDwebcam_after,PURE_EfficientPhys,7.707094964840013,13.529411764705882
MCD egzersiz,1149_FullHDwebcam_after,PURE_EfficientPhys+Viterbi,7.707094964840013,13.529411764705882
MCD egzersiz,1149_FullHDwebcam_after,PURE_FactorizePhys,2.1356150314090807,93.52941176470588
MCD egzersiz,1149_FullHDwebcam_after,PURE_FactorizePhys+Viterbi,0.8228669131869165,100.0
MCD egzersiz,1149_FullHDwebcam_after,PURE_PhysNet,38.63225006212752,13.529411764705882
MCD egzersiz,1149_FullHDwebcam_after,PURE_PhysNet+Viterbi,10.469458984163847,27.647058823529413
MCD egzersiz,1149_FullHDwebcam_after,PURE_TSCAN,49.122256903632426,0.0
MCD egzersiz,1149_FullHDwebcam_after,PURE_TSCAN+Viterbi,49.30838523255794,0.0
MCD dinlenme,1149_FullHDwebcam_before,POS klasik (ortalama+argmax),1.0196293828254317,98.23529411764706
MCD dinlenme,1149_FullHDwebcam_before,POS ortalama+Viterbi,0.6507054596586069,100.0
MCD dinlenme,1149_FullHDwebcam_before,POS tüm yüz+Viterbi,0.6782624906042283,100.0
MCD dinlenme,1149_FullHDwebcam_before,PURE_EfficientPhys,10.341942986572233,0.0
MCD dinlenme,1149_FullHDwebcam_before,PURE_EfficientPhys+Viterbi,10.341942986572233,0.0
MCD dinlenme,1149_FullHDwebcam_before,PURE_FactorizePhys,0.9196491619062173,98.82352941176471
MCD dinlenme,1149_FullHDwebcam_before,PURE_FactorizePhys+Viterbi,0.7889515549662466,100.0
MCD dinlenme,1149_FullHDwebcam_before,PURE_PhysNet,27.590514258690437,14.117647058823529
MCD dinlenme,1149_FullHDwebcam_before,PURE_PhysNet+Viterbi,16.667443208487615,6.470588235294119
MCD dinlenme,1149_FullHDwebcam_before,PURE_TSCAN,46.60396610867862,0.0
MCD dinlenme,1149_FullHDwebcam_before,PURE_TSCAN+Viterbi,47.28851954466638,0.0
