yöntem,roi,füzyon,takip,MAE,RMSE,r,≤5BPM%,video_MAE
pos,4_bölge,snr,viterbi,0.6987455280588796,0.8625812702112233,0.9795945886580905,100.0,0.0467103918209575
pos,tüm_yüz,mean,viterbi,0.7040111631442797,0.8738649353922378,0.9788826567048617,99.9273783587509,0.04142281392621046
pos,yanaklar,mean,viterbi,0.7209835586257674,0.8753074856653571,0.9784875239212748,100.0,0.04669344176994733
pos,4_bölge,mean,viterbi,0.7226599203666468,0.8789512328862036,0.9786964765563924,100.0,0.047356348086958
pos,yanaklar,snr,viterbi,0.8904373347111536,1.1582321121984365,0.9416701068141721,98.83805374001452,0.22118464640488533
pos,alın+yanaklar,snr,viterbi,0.8989016756223072,1.176851509656102,0.9690131562899206,98.91067538126362,0.24090029575463096
pos,alın+yanaklar,mean,viterbi,0.9161528519937754,1.2275819557913226,0.9414826592544577,98.54756717501816,0.22984608938524734
pos,4_bölge,snr,argmax,1.2894806903196425,2.664838636638973,0.8949193754561366,98.62018881626724,0.4819326661931366
pos,alın+yanaklar,snr,argmax,1.629329263974522,2.733062613186753,0.9015086826349292,96.87726942628903,0.38449180610390216
pos,yanaklar,snr,argmax,1.7971245375756102,3.1335561840000192,0.9193814500222236,97.45824255628177,0.9738383276547061
pos,tüm_yüz,mean,argmax,1.8682607132155498,3.9059075458954484,0.9101279682724382,98.40232389251997,1.2072578819302417
ica,4_bölge,snr,viterbi,1.8726551134612561,2.2093419468926303,0.913098142368582,92.66521423384168,1.2605655269474516
pos,yanaklar,mean,argmax,2.4408660548830805,4.09408869013598,0.9021736255174562,96.87726942628903,1.5912690219395882
chrom,yanaklar,snr,viterbi,2.4701759797134866,2.979065955353315,0.8448644344682892,91.35802469135803,1.1423165096520316
pos,4_bölge,mean,argmax,2.5309188071119646,4.082974372465635,0.9021317445612378,96.44153957879449,1.6338917681045915
chrom,4_bölge,snr,viterbi,2.5995497724804557,3.1798553666813336,0.8377489322005667,92.01161946259987,1.45405487940569
pos,alın+yanaklar,mean,argmax,2.61057270722609,3.941889279972684,0.8968487530815112,95.86056644880173,1.5383553679368704
ica,alın+yanaklar,snr,viterbi,2.6252134423148408,3.037840836117547,0.8452368265433494,87.65432098765432,2.0410223926140243
ica,4_bölge,snr,argmax,2.666612572810172,3.8888925077048073,0.8159531383822044,90.41394335511983,1.5790293261900887
lgi,4_bölge,snr,viterbi,2.9932963665505072,3.637176753990667,0.7794080452888634,84.60421205519245,1.3387355091059117
chrom,4_bölge,snr,argmax,3.0909552109091663,3.838043706309399,0.8626331423166834,91.72113289760348,0.9048073816957337
chrom,alın+yanaklar,snr,viterbi,3.165520847239956,3.868006985640159,0.8122408771997834,89.17937545388526,2.0043525089777425
lgi,alın+yanaklar,snr,viterbi,3.241869122623339,4.038023794149353,0.7044538302410572,83.44226579520698,1.9641728914458594
lgi,yanaklar,snr,viterbi,3.344039988150575,4.1335305382932415,0.7129241700688864,84.60421205519245,2.0976798364772162
chrom,4_bölge,mean,viterbi,3.379109181840128,3.820568301500352,0.8897902002431848,91.28540305010893,2.423232397499887
chrom,alın+yanaklar,mean,viterbi,3.532503095864712,4.027376716828617,0.8948944232021112,90.12345679012346,2.5648580214129453
ica,alın+yanaklar,snr,argmax,3.701366873226215,4.500947129005713,0.7961325903009077,85.40305010893246,1.8179022700767538
ica,yanaklar,snr,viterbi,3.9138371827759553,4.611443130966778,0.760244454529078,87.36383442265796,3.32548854628802
chrom,alın+yanaklar,snr,argmax,3.950616373010187,5.229889937131653,0.8106463659139523,87.65432098765432,1.197749739567712
ica,yanaklar,snr,argmax,4.011233572822328,5.098104925782814,0.8062981317612872,85.9114015976761,2.288188811862049
chrom,tüm_yüz,mean,viterbi,4.045779491363812,4.289498966278573,0.9472256129918583,90.55918663761801,3.4367751858754954
chrom,yanaklar,snr,argmax,4.084628737717622,5.525486315631999,0.8174569963601946,87.8721859114016,1.621249192300253
chrom,4_bölge,mean,argmax,4.25997822780954,5.222074626064057,0.863462067022018,90.12345679012346,2.697662082100646
chrom,tüm_yüz,mean,argmax,4.294281916692104,5.094223317896499,0.8666114744697223,90.12345679012346,2.613734213748487
ica,yanaklar,mean,viterbi,4.635614010984221,5.093858956360475,0.7719992907472116,80.75526506899057,4.021887225652977
chrom,yanaklar,mean,viterbi,4.655785874888214,5.2426670048378,0.8435728380992389,89.25199709513436,3.5189268636626205
chrom,alın+yanaklar,mean,argmax,4.730030461033088,6.050237547385977,0.8207260637524372,89.10675381263617,2.8170963296105693
lgi,4_bölge,snr,argmax,4.818703748312941,6.582055873992145,0.7522937892682188,82.57080610021787,2.6376065792484784
lgi,alın+yanaklar,snr,argmax,5.03785892921304,7.08580755562105,0.7270786884493476,81.48148148148148,2.55041716884731
chrom,yanaklar,mean,argmax,5.500521958916302,7.09152374685325,0.8023500731152742,87.00072621641249,3.743070984970581
ica,yanaklar,mean,argmax,5.819568139234765,7.899747726306242,0.6919662415160213,80.10167029774874,3.462037978600852
lgi,yanaklar,snr,argmax,6.202663947429344,9.100778522908373,0.6603809553515748,78.57661583151778,4.334784926196072
lgi,yanaklar,mean,viterbi,6.88862559829439,7.83244096052557,0.60884809919748,74.07407407407408,5.791482059711121
lgi,tüm_yüz,mean,viterbi,7.064856009456995,8.030604387809717,0.6102956885562727,73.05737109658678,5.999880611401019
lgi,4_bölge,mean,viterbi,7.135598979715419,8.1042213860767,0.6063330741887759,72.8395061728395,6.078746603257952
lgi,alın+yanaklar,mean,viterbi,7.17142293697337,8.149121131265098,0.6052895426856915,72.8395061728395,6.081784051063382
lgi,4_bölge,mean,argmax,7.928875289720918,9.798060643127542,0.6708553251506694,72.11328976034858,6.079134413354933
lgi,tüm_yüz,mean,argmax,8.0873564491087,10.074206124459874,0.6820206193852684,72.11328976034858,6.186347218774902
lgi,yanaklar,mean,argmax,8.09486109201169,10.749341275255816,0.6307770878995645,71.67755991285402,6.249464888337995
lgi,alın+yanaklar,mean,argmax,8.265394487689075,10.593459643646405,0.646162805360101,71.53231663035585,6.424149653379544
pos,alın,mean,argmax,9.516596210755559,12.207005056400668,0.6531263947183308,75.74437182280319,6.730633132391686
pos,alın,mean,viterbi,9.7301681121873,10.531805632286526,0.8085827220979757,79.08496732026144,8.809964848364624
ica,alın+yanaklar,mean,viterbi,10.674490559063955,11.727752912049015,0.24016844996914996,44.880174291939,9.21020381117693
lgi,alın,mean,viterbi,10.842464723008023,11.85113059585759,0.635548872522597,66.3035584604212,9.130824704618034
ica,4_bölge,mean,viterbi,10.848917157417027,11.906490439918025,0.16125361913242514,38.489469862018886,9.841100627712411
ica,alın+yanaklar,mean,argmax,10.960301018188316,12.686291521604627,0.31122861212544534,39.433551198257085,8.738507324870318
chrom,alın,mean,viterbi,11.64201136726223,12.65497949245912,0.593342695177859,65.359477124183,11.07334120438309
green,4_bölge,snr,viterbi,11.909215765320152,13.356647717361064,0.4554026089510315,53.2316630355846,9.97129627305261
green,yanaklar,mean,viterbi,12.029770050651052,13.425877449080296,0.5239385666959027,53.88525780682644,10.961691423339165
green,alın+yanaklar,snr,viterbi,12.03979840661776,13.322770884037434,0.5435041570921028,54.030501089324616,11.015422987143287
green,4_bölge,mean,viterbi,12.23467458478114,13.65728112475073,0.5329516193974835,53.66739288307916,11.07662236310493
ica,4_bölge,mean,argmax,12.380323612804208,14.241833382310524,0.2400292836930541,32.824981844589686,9.520621728209642
green,yanaklar,snr,viterbi,12.776538700159417,14.110068566030902,0.5110789741618089,53.304284676833696,11.58870510192719
green,alın+yanaklar,mean,viterbi,12.940273789532855,14.625823839293865,0.47520399300038974,52.287581699346404,11.784536765115815
ica,tüm_yüz,mean,viterbi,13.082259993436383,13.91854811460912,0.3644672791025838,43.57298474945534,12.605322288921831
ica,alın,mean,viterbi,13.499301649971752,14.840453306520907,0.1075822584906836,24.76397966594045,12.032889448161718
chrom,alın,mean,argmax,13.50539210227378,18.4485969218284,0.45503339173718804,64.05228758169935,8.380961690259598
lgi,alın,mean,argmax,13.638958576243075,18.233134253417365,0.47454421748860787,63.90704429920116,8.529247541445002
green,alın+yanaklar,snr,argmax,13.864334102283943,17.049728545541782,0.4515491382873452,50.4720406681191,9.142586118324711
ica,tüm_yüz,mean,argmax,13.960649305022887,16.126748329133523,0.3813963799663352,42.70152505446623,11.938662697474363
green,tüm_yüz,mean,viterbi,14.067998240044854,15.508493113475113,0.5130123689764473,51.4161220043573,13.01829231501399
green,4_bölge,snr,argmax,14.083951961297414,17.275240488769807,0.44873175152175526,49.89106753812636,9.709697870659447
green,yanaklar,snr,argmax,15.26339673476762,18.477849522508205,0.4395962556359337,50.10893246187364,12.005642360177637
green,4_bölge,mean,argmax,15.329738022378807,18.6349865655502,0.46378847067476653,49.96368917937545,12.249088778402905
green,alın+yanaklar,mean,argmax,15.402419761408849,18.804627492785208,0.4451440628864087,49.01960784313725,12.32760307901198
green,yanaklar,mean,argmax,15.556137333634487,18.78419489777262,0.44602558178082297,50.10893246187364,12.77447927364208
green,tüm_yüz,mean,argmax,16.080037332127866,19.507093331527553,0.4422391703745166,49.164851125635444,13.117694663257979
ica,alın,mean,argmax,17.16192506912279,20.048638399306725,0.14808499617921328,23.093681917211327,13.774307861741628
green,alın,mean,argmax,24.981491216973616,29.878466190752718,-0.08733999089644572,12.854030501089325,18.91932375423692
green,alın,mean,viterbi,26.835829676252935,28.53514935744615,0.04032446171648552,8.569353667392884,26.44062908818801
