kaynak,ad,kamera,durum,pencere,uygulama_MAE,uygulama_≤5BPM%,python_MAE,referans_ort
UBFC,subject1,webcam (önden),oyun,28,2.394992511259937,100.0,2.486994162847619,106.08193673934353
UBFC,subject10,webcam (önden),oyun,28,0.6973800642401018,100.0,1.0931869227881035,107.87013979510692
UBFC,subject11,webcam (önden),oyun,28,1.6609557848622398,89.28571428571429,1.549548414215501,120.35727462456121
UBFC,subject3,webcam (önden),oyun,28,4.914443981910149,64.28571428571429,6.665174018716674,94.14850565203471
UBFC,subject4,webcam (önden),oyun,28,3.4248910658145597,82.14285714285714,4.38347164724829,106.82212631148856
UBFC,subject5,webcam (önden),oyun,28,0.9756599131535414,100.0,1.1087511574409787,99.5356367151779
UBFC,subject8,webcam (önden),oyun,28,1.3760114209155618,96.42857142857143,1.0305217162009805,111.89834572161868
UBFC,subject9,webcam (önden),oyun,28,0.6756654761043726,96.42857142857143,1.443563537738705,111.16096499676499
MCD,1020_FullHDwebcam_after,webcam (önden),egzersiz sonrası,28,3.445743738272527,75.0,3.2823966569651155,77.49715706819464
MCD,1020_FullHDwebcam_before,webcam (önden),dinlenme,28,3.752539996897204,64.28571428571429,3.7270402818611377,75.36636100870655
MCD,1024_FullHDwebcam_after,webcam (önden),egzersiz sonrası,28,2.898279307024867,75.0,4.418479165494145,69.15510974749488
MCD,1024_FullHDwebcam_before,webcam (önden),dinlenme,28,1.9738277157141495,100.0,2.1307566956614066,74.74219040720402
MCD,1035_FullHDwebcam_after,webcam (önden),egzersiz sonrası,28,7.999897281706601,42.857142857142854,5.551558000452523,74.38962391526154
MCD,1035_FullHDwebcam_before,webcam (önden),dinlenme,28,3.1550802926044965,78.57142857142857,2.7264416792051445,68.90690925193935
MCD,1091_FullHDwebcam_after,webcam (önden),egzersiz sonrası,28,11.834776831735192,3.571428571428571,11.597610785293488,102.47003669410091
MCD,1091_FullHDwebcam_before,webcam (önden),dinlenme,28,1.9237921803245233,96.42857142857143,2.2197218578796862,85.756789939743
MCD,1097_FullHDwebcam_after,webcam (önden),egzersiz sonrası,28,20.911519331824387,0.0,31.27754512296339,88.70659757661356
MCD,1097_FullHDwebcam_before,webcam (önden),dinlenme,28,17.651422629351188,25.0,37.75713083918849,93.70777211584651
MCD,1099_FullHDwebcam_after,webcam (önden),egzersiz sonrası,28,8.274504027482449,25.0,8.172844742356059,86.36760757042337
MCD,1099_FullHDwebcam_before,webcam (önden),dinlenme,28,4.771074116494934,57.14285714285714,4.290460562973425,74.3277925236269
MCD,1107_FullHDwebcam_after,webcam (önden),egzersiz sonrası,27,44.58803838241935,0.0,29.267497887477163,123.71316853532952
MCD,1107_FullHDwebcam_before,webcam (önden),dinlenme,28,9.060782028969763,17.857142857142858,12.688152042260676,89.40537259292614
MCD,1113_FullHDwebcam_after,webcam (önden),egzersiz sonrası,28,12.497589298876317,7.142857142857142,12.019943854099859,82.67181369340398
MCD,1113_FullHDwebcam_before,webcam (önden),dinlenme,28,6.503114340030074,53.57142857142857,6.33464813145236,83.50989641590873
MCD,1115_FullHDwebcam_after,webcam (önden),egzersiz sonrası,28,4.99614697239731,64.28571428571429,5.156530451660553,91.99631867159256
MCD,1115_FullHDwebcam_before,webcam (önden),dinlenme,25,6.296754673108973,64.0,5.969108125432762,75.50518529285411
MCD,1149_FullHDwebcam_after,webcam (önden),egzersiz sonrası,17,1.4519893919706461,100.0,4.436176206643097,67.29704808959484
MCD,1149_FullHDwebcam_before,webcam (önden),dinlenme,28,1.5268934642391956,100.0,1.99731016028869,71.35782933616532
